{
  "format": "nest_hypercube_export_v2",
  "source_embeddings": "embeddings/grain_embeddings.npy",
  "generated_files": {
    "nodes": "nodes.json",
    "edges": "edges.json",
    "species": "species.json"
  },
  "counts": {
    "nodes": 2961,
    "edges": 13913,
    "species": 16
  },
  "tsne": {
    "dimensions": 3,
    "perplexity": 30,
    "iterations": 1000,
    "seed": 42,
    "raw_bounds": {
      "min": [
        -20.827566146850586,
        -21.19500732421875,
        -22.52727699279785
      ],
      "max": [
        21.033124923706055,
        19.308002471923828,
        18.23975372314453
      ]
    },
    "normalized_space": "[-1, 1] per axis"
  },
  "display_coordinates": {
    "default_field": "position_tsne",
    "available_fields": [
      "position",
      "position_cloud",
      "position_tsne",
      "position_raw"
    ],
    "position": "cloud-friendly transformed coordinates with isotropic radius normalization (optional stylized display)",
    "position_tsne": "direct min-max normalized t-SNE coordinates in [-1, 1] (default free-form display)",
    "cloud_transform": {
      "method": "robust_scale + pca + partial_whiten + tanh_clip + isotropic_radius_norm",
      "whiten_strength": 0.6,
      "tanh_gain": 1.2,
      "z_boost": 1.4,
      "robust_center_median": [
        -1.4020695686340332,
        -0.1607474386692047,
        -0.23194560408592224
      ],
      "robust_scale_iqr": [
        12.343902587890625,
        13.658401489257812,
        10.512517929077148
      ],
      "pca_eigenvalues": [
        0.6736433506011963,
        0.5420739054679871,
        0.4351837635040283
      ],
      "normalization": {
        "center_mode": "mean",
        "center": [
          0.0430774986743927,
          0.06741184741258621,
          -0.08104752749204636
        ],
        "radius_scale": 1.5628018379211426,
        "radius_max_before": 1.5628018379211426,
        "bounds_before": {
          "min": [
            -0.9939224720001221,
            -0.9707697629928589,
            -0.9988377690315247
          ],
          "max": [
            0.9793187975883484,
            0.9920039772987366,
            0.993234395980835
          ]
        },
        "bounds_after": {
          "min": [
            -0.6635518074035645,
            -0.6643079519271851,
            -0.5872722864151001
          ],
          "max": [
            0.5990786552429199,
            0.5916246771812439,
            0.6874076724052429
          ]
        }
      },
      "normalized_bounds": {
        "min": [
          -0.6635518074035645,
          -0.6643079519271851,
          -0.5872722864151001
        ],
        "max": [
          0.5990786552429199,
          0.5916246771812439,
          0.6874076724052429
        ]
      }
    },
    "species_display_cloudify": {
      "enabled": false,
      "applied": false
    },
    "species_display_stretch": {
      "enabled": false,
      "applied": false
    }
  },
  "graph": {
    "edge_source": "embedding cosine kNN",
    "k_neighbors": 6,
    "similarity_metric": "cosine",
    "species_ratio_bridges": {
      "enabled": false,
      "added_edges": 0
    },
    "manual_bridges": {
      "enabled": false,
      "added_edges": 0
    },
    "spatial_antipode_bridges": {
      "enabled": false,
      "added_edges": 0
    },
    "bridge_edges": {
      "enabled": true,
      "strategy": "component_mst_boundary_proximity_bridges",
      "mst_link_mode": "display_centroid_distance",
      "bridges_per_link": 12,
      "components_before": 4,
      "components_after": 1,
      "added_edges": 36,
      "mst_component_links": 3
    }
  },
  "notes": [
    "manifest.display_coordinates.default_field is position_tsne for free-form web display",
    "nodes.position is cloud-friendly transformed display coordinates (optional stylized alternative)",
    "nodes.position_cloud is the same cloud-friendly transformed coordinate set",
    "nodes.position_tsne preserves direct normalized t-SNE coordinates",
    "nodes.position_raw preserves original t-SNE coordinates",
    "edges.edge_kind may be 'knn', 'species_ratio_bridge', 'manual_bridge', 'spatial_antipode_bridge', or 'component_bridge'",
    "nodes.path may need remapping/copying in a separate website repo"
  ]
}