{
  "format": "nest_hypercube_export_v2",
  "source_embeddings": "embeddings/extant_embeddings.npy",
  "generated_files": {
    "nodes": "nodes.json",
    "edges": "edges.json",
    "species": "species.json"
  },
  "counts": {
    "nodes": 2938,
    "edges": 13792,
    "species": 15
  },
  "tsne": {
    "dimensions": 3,
    "perplexity": 30,
    "iterations": 1000,
    "seed": 42,
    "raw_bounds": {
      "min": [
        -20.886150360107422,
        -22.860441207885742,
        -21.911012649536133
      ],
      "max": [
        21.961475372314453,
        19.81964683532715,
        20.609031677246094
      ]
    },
    "normalized_space": "[-1, 1] per axis"
  },
  "display_coordinates": {
    "default_field": "position_tsne",
    "available_fields": [
      "position",
      "position_cloud",
      "position_tsne",
      "position_raw"
    ],
    "position": "cloud-friendly transformed coordinates with isotropic radius normalization (optional stylized display)",
    "position_tsne": "direct min-max normalized t-SNE coordinates in [-1, 1] (default free-form display)",
    "cloud_transform": {
      "method": "robust_scale + pca + partial_whiten + tanh_clip + isotropic_radius_norm",
      "whiten_strength": 0.6,
      "tanh_gain": 1.2,
      "z_boost": 1.4,
      "robust_center_median": [
        -1.1972718238830566,
        -0.30370432138442993,
        -0.08067290484905243
      ],
      "robust_scale_iqr": [
        10.954737663269043,
        14.540002822875977,
        10.057305335998535
      ],
      "pca_eigenvalues": [
        0.7612738013267517,
        0.6791185140609741,
        0.42078256607055664
      ],
      "normalization": {
        "center_mode": "mean",
        "center": [
          -0.03388059511780739,
          -0.08377254009246826,
          0.00038105633575469255
        ],
        "radius_scale": 1.5904655456542969,
        "radius_max_before": 1.5904655456542969,
        "bounds_before": {
          "min": [
            -0.9891244769096375,
            -0.9906691908836365,
            -0.9971699118614197
          ],
          "max": [
            0.9901980757713318,
            0.9755125045776367,
            0.9950915575027466
          ]
        },
        "bounds_after": {
          "min": [
            -0.6006064414978027,
            -0.5702083110809326,
            -0.6272069215774536
          ],
          "max": [
            0.643886148929596,
            0.666022002696991,
            0.6254209876060486
          ]
        }
      },
      "normalized_bounds": {
        "min": [
          -0.6006064414978027,
          -0.5702083110809326,
          -0.6272069215774536
        ],
        "max": [
          0.643886148929596,
          0.666022002696991,
          0.6254209876060486
        ]
      }
    },
    "species_display_cloudify": {
      "enabled": false,
      "applied": false
    },
    "species_display_stretch": {
      "enabled": false,
      "applied": false
    }
  },
  "graph": {
    "edge_source": "embedding cosine kNN",
    "k_neighbors": 6,
    "similarity_metric": "cosine",
    "species_ratio_bridges": {
      "enabled": false,
      "added_edges": 0
    },
    "manual_bridges": {
      "enabled": false,
      "added_edges": 0
    },
    "spatial_antipode_bridges": {
      "enabled": false,
      "added_edges": 0
    },
    "bridge_edges": {
      "enabled": true,
      "strategy": "component_mst_boundary_proximity_bridges",
      "mst_link_mode": "display_centroid_distance",
      "bridges_per_link": 12,
      "components_before": 4,
      "components_after": 1,
      "added_edges": 36,
      "mst_component_links": 3
    }
  },
  "notes": [
    "manifest.display_coordinates.default_field is position_tsne for free-form web display",
    "nodes.position is cloud-friendly transformed display coordinates (optional stylized alternative)",
    "nodes.position_cloud is the same cloud-friendly transformed coordinate set",
    "nodes.position_tsne preserves direct normalized t-SNE coordinates",
    "nodes.position_raw preserves original t-SNE coordinates",
    "edges.edge_kind may be 'knn', 'species_ratio_bridge', 'manual_bridge', 'spatial_antipode_bridge', or 'component_bridge'",
    "nodes.path may need remapping/copying in a separate website repo"
  ]
}